0,product,material,product cas
0.0,n-hexane,1-hexene,110-54-3
1.0,"4,4'-[2,2,2-trifluoro-1-(trifluoromethyl)ethylidene]diphenol and its salts",Bisphenol A,-
2.0,"Benzyltriphenylphosphonium, salt with 4,4'-[2,2,2-trifluoro-1-(trifluoromethyl)ethylidene]bis[phenol] (1:1)",Benzyltriphenylphosphonium chloride,75768-65-9
3.0,"disodium 4,4'-[2,2,2-trifluoro-1-(trifluoromethyl)ethylidene]diphenolate","4,4'-(hexafluoroisopropylidene)diphenol",-
4.0,"N,N-dibutyl-N-methylbutan-1-aminium 4-[1,1,1,3,3,3-hexafluoro-2-(4-hydroxyphenyl)propan-2-yl]phenolate","4,4'-(hexafluoroisopropylidene)diphenol",-
5.0,"Phosphonium, tributyl(2-methoxypropyl)-, salt with 4,4'-[2,2,2-trifluoro-1-(trifluoromethyl)ethylidene]bis[phenol] (1:1)",Tributyl(2-methoxypropyl)phosphonium chloride,126049-00-1
6.0,"4,4'-[2,2,2-trifluoro-1-(trifluoromethyl)ethylidene]diphenol (Bisphenol AF)","Hexafluoroacetone, Phenol",1478-61-1
7.0,"benzyl(diethylamino)diphenylphosphonium 4-[1,1,1,3,3,3-hexafluoro-2-(4-hydroxyphenyl)propan-2-yl]phenolate",benzyl(diethylamino)diphenylphosphonium chloride,577705-90-9
8.0,"Reaction mass of 4,4'-[2,2,2-trifluoro-1-(trifluoromethyl)ethylidene]diphenol and benzyltriphenylphosphonium, salt with 4,4'-[2,2,2-trifluoro-1-(trifluoromethyl)ethylidene]diphenol (1:1)","4,4'-(hexafluoroisopropylidene)diphenol",-
9.0,"Reaction mass of 4,4'-[2,2,2-trifluoro-1-(trifluoromethyl)ethylidene]diphenol and benzyl(diethylamino)diphenylphosphonium 4-[1,1,1,3,3,3-hexafluoro-2-(4-hydroxyphenyl)propan-2-yl]phenolate (1:1)","4,4'-(hexafluoroisopropylidene)diphenol",-
10.0,"Reaction products of benzene, chlorine and sulfur chloride (S2Cl2) with 4,4'-[2,2,2-trifluoro-1-(trifluoromethyl)ethylidene]diphenol",Unknown,921213-47-0
11.0,"1,1'-(ethane-1,2-diyl)bis[pentabromobenzene] (DBDPE)",decabromodiphenyl ether,84852-53-9
12.0,"tetra(sodium/potassium) 7-[(E)-{2-acetamido-4-[(E)-(4-{[4-chloro-6-({2-[(4-fluoro-6-{[4-(vinylsulfonyl)phenyl]amino}-1,3,5-triazine-2-yl)amino]propyl}amino)-1,3,5-triazine-2-yl]amino}-5-sulfonato-1-naphthyl)diazenyl]-5-methoxyphenyl}diazenyl]-1,3,6-naphthalenetrisulfonate (Reactive Brown 51)",Unknown,-
13.0,decamethyltetrasiloxane,dichlorodimethylsilane,141-62-8
14.0,"1,1,1,3,5,5,5-heptamethyl-3-[(trimethylsilyl)oxy]trisiloxane",Hexamethyldisiloxane,17928-28-8
15.0,reaction mass of: triphenylthiophosphate and tertiary butylated phenyl derivatives,Phenol,192268-65-8
16.0,Perfluamine,Perfluorotributylamine,338-83-0
17.0,Octamethyltrisiloxane,Trimethylchlorosilane,107-51-7
18.0,"O,O,O-triphenyl phosphorothioate",Phenol,597-82-0
19.0,"6-[(C10-C13)-alkyl-(branched, unsaturated)-2,5-dioxopyrrolidin-1-yl]hexanoic acid",6-aminohexanoic acid,2156592-54-8
20.0,Triphenyl phosphate,Phenol,115-86-6
21.0,"Bis(α,α-dimethylbenzyl) peroxide",Cumene,80-43-3
22.0,Oligomerisation and alkylation reaction products of 2-phenylpropene and phenol,phenol,-
23.0,"Phenol, methylstyrenated",Phenol,68512-30-1
24.0,Bumetrizole (UV-326),2-amino-4-tert-butylphenol,3896-11-5
25.0,2-(dimethylamino)-2-[(4-methylphenyl)methyl]-1-[4-(morpholin-4-yl)phenyl]butan-1-one,1-[4-(morpholin-4-yl)phenyl]butan-1-one,119344-86-4
26.0,"2-(2H-benzotriazol-2-yl)-4-(1,1,3,3-tetramethylbutyl)phenol (UV-329)","4-(1,1,3,3-tetramethylbutyl)phenol",3147-75-9
27.0,"2,4,6-tri-tert-butylphenol",phenol,732-26-3
28.0,"diphenyl(2,4,6-trimethylbenzoyl)phosphine oxide",diphenylphosphinous chloride,75980-60-8
29.0,bis(4-chlorophenyl) sulphone,4-chlorobenzenesulfonyl chloride,80-07-9
30.0,"reaction mass of 2,2,3,3,5,5,6,6-octafluoro-4-(1,1,1,2,3,3,3-heptafluoropropan-2-yl)morpholine and 2,2,3,3,5,5,6,6-octafluoro-4-(heptafluoropropyl)morpholine",morpholine,-
31.0,Perfluoroheptanoic acid and its salts,"1H,1H,2H,2H-perfluoro-1-nonanol",-
32.0,Perfluoroheptanoic acid,1H-tridecafluoroheptane,375-85-9
33.0,Sodium perfluoroheptanoate,Perfluoroheptanoic acid,20109-59-5
34.0,potassium perfluoroheptanoate,perfluoroheptanoic acid,21049-36-5
35.0,Ammonium perfluoroheptanoate,Perfluoroheptanoic acid,6130-43-4
36.0,Melamine,Dicyandiamide,108-78-1
37.0,Isobutyl 4-hydroxybenzoate,4-Hydroxybenzoic acid,4247-02-3
38.0,bis(2-ethylhexyl) tetrabromophthalate covering any of the individual isomers and/or combinations thereof,tetrabromophthalic anhydride,-
39.0,Bis(2-ethylhexyl) tetrabromophthalate,Tetrabromophthalic anhydride,26040-51-7
40.0,Barium diboron tetraoxide,Barium carbonate,13701-59-2
41.0,"4,4'-sulphonyldiphenol",phenol,80-09-1
42.0,"2,2',6,6'-tetrabromo-4,4'-isopropylidenediphenol","4,4'-isopropylidenediphenol",79-94-7
43.0,"1,1'-[ethane-1,2-diylbisoxy]bis[2,4,6-tribromobenzene]","2,4,6-tribromophenol",37853-59-1
44.0,N-(hydroxymethyl)acrylamide,Acrylamide,924-42-5
45.0,tris(2-methoxyethoxy)vinylsilane,trichlorovinylsilane,1067-53-4
46.0,"S-(tricyclo(5.2.1.0'2,6)deca-3-en-8(or 9)-yl O-(isopropyl or isobutyl or 2-ethylhexyl) O-(isopropyl or isobutyl or 2-ethylhexyl) phosphorodithioate",Dicyclopentadiene,255881-94-8
47.0,"6,6'-di-tert-butyl-2,2'-methylenedi-p-cresol",2-tert-butyl-p-cresol,119-47-1
48.0,"(±)-1,7,7-trimethyl-3-[(4-methylphenyl)methylene]bicyclo[2.2.1]heptan-2-one covering any of the individual isomers and/or combinations thereof (4-MBC)",Camphor,-
49.0,"(±)-1,7,7-trimethyl-3-[(4-methylphenyl)methylene]bicyclo[2.2.1]heptan-2-one",Camphor,36861-47-9
50.0,"(3E)-1,7,7-trimethyl-3-(4-methylbenzylidene)bicyclo[2.2.1]heptan-2-one",Camphor,1782069-81-1
51.0,"(1R,3E,4S)-1,7,7-trimethyl-3-(4-methylbenzylidene)bicyclo[2.2.1]heptan-2-one",Camphor,95342-41-9
52.0,"(1S,3E,4R)-1,7,7-trimethyl-3-(4-methylbenzylidene)bicyclo[2.2.1]heptan-2-one",Camphor,852541-30-1
53.0,"(1R,3Z,4S)-1,7,7-trimethyl-3-(4-methylbenzylidene)bicyclo[2.2.1]heptan-2-one",Camphor,852541-21-0
54.0,"(1R,4S)-1,7,7-trimethyl-3-(4-methylbenzylidene)bicyclo[2.2.1]heptan-2-one",Camphor,741687-98-9
55.0,"(1S,3Z,4R)-1,7,7-trimethyl-3-(4-methylbenzylidene)bicyclo[2.2.1]heptan-2-one",Camphor,852541-25-4
56.0,"Phenol, alkylation products (mainly in para position) with C12-rich branched alkyl chains from oligomerisation, covering any individual isomers and/ or combinations thereof (PDDP)",Phenol,-
57.0,"Phenol, dodecyl-, branched",Phenol,121158-58-5
58.0,"Phenol, (tetrapropenyl) derivatives",Phenol,74499-35-7
59.0,"Phenol, 4-dodecyl, branched","Dodecene, branched",210555-94-5
60.0,4-isododecylphenol,Phenol,27459-10-5
61.0,"Phenol, tetrapropylene-",Tetrapropylene,57427-55-1
62.0,"Phenol, 4-isododecyl-",Phenol,27147-75-7
63.0,"orthoboric acid, sodium salt",Boric acid,-
64.0,"boric acid (H3BO3), sodium salt, hydrate",disodium tetraborate decahydrate,25747-83-5
65.0,Trisodium orthoborate,Boric acid,14312-40-4
66.0,"Boric acid, sodium salt",Boron oxide,1333-73-9
67.0,"Boric acid (H3BO3), disodium salt",Disodium tetraborate,22454-04-2
68.0,"Orthoboric acid, sodium salt",Boric acid,13840-56-7
69.0,"boric acid (H3BO3), sodium salt (1:1)","boric acid, sodium hydroxide",14890-53-0
70.0,Medium-chain chlorinated paraffins (MCCP),Paraffins,-
71.0,"di-, tri- and tetrachlorotetradecane",tetradecane,-
72.0,"Alkanes, C14-17, chloro",C14-17-alkanes,85535-85-9
73.0,"Tetradecane, chloro derivs.",Tetradecane,198840-65-2
74.0,"Alkanes, C14-16, chloro",C14-16-alkanes,1372804-76-6
75.0,glutaral,"1,5-pentanediol",111-30-8
76.0,"4,4'-(1-methylpropylidene)bisphenol","phenol, 2-butanone",77-40-7
77.0,2-(4-tert-butylbenzyl)propionaldehyde and its individual stereoisomers,4-tert-butylbenzyl chloride,-
78.0,(2R)-3-(4-tert-butylphenyl)-2-methylpropanal,3-(4-tert-butylphenyl)-2-methylprop-2-enal,75166-31-3
79.0,2-(4-tert-butylbenzyl)propionaldehyde,1-tert-butyl-4-methylbenzene,80-54-6
80.0,(2S)-3-(4-tert-butylphenyl)-2-methylpropanal,(2S)-3-(4-tert-butylphenyl)-2-methylprop-2-enal,75166-30-2
81.0,"2,2-bis(bromomethyl)propane-1,3-diol (BMP); 2,2-dimethylpropan-1-ol, tribromo derivative/3-bromo-2,2-bis(bromomethyl)-1-propanol (TBNPA); 2,3-dibromo-1-propanol (2,3-DBPA)",Pentaerythritol,-
82.0,"3-bromo-2,2-bis(bromomethyl)-1-propanol (TBNPA)",Pentaerythritol,1522-92-5
83.0,"2,2-dimethylpropan-1-ol, tribromo derivative (TBNPA)","2,2-dimethylpropan-1-ol",36483-57-5
84.0,"2,3-dibromo-1-propanol (2,3-DBPA)",allyl alcohol,96-13-9
85.0,"2,2-bis(bromomethyl)propane-1,3-diol (BMP)",Pentaerythritol,3296-90-0
86.0,"1,4-dioxane",Diethylene glycol,123-91-1
87.0,"Dioctyltin dilaurate, stannane, dioctyl-, bis(coco acyloxy) derivs., and any other stannane, dioctyl-, bis(fatty acyloxy) derivs. wherein C12 is the predominant carbon number of the fatty acyloxy moiety",Dioctyltin oxide,-
88.0,Dioctyltin dilaurate,Dioctyltin dichloride,3648-18-8
89.0,"dioctyltin dilaurate; stannane, dioctyl-, bis(coco acyloxy) derivs.",dioctyltin dichloride,-
90.0,"Stannane, dioctyl-, bis(coco acyloxy) derivs.",Dioctyltin oxide,91648-39-4
91.0,Bis(2-(2-methoxyethoxy)ethyl)ether,Triethylene glycol,143-24-8
92.0,"Dibutylbis(pentane-2,4-dionato-O,O')tin",Dibutyltin dichloride,22673-19-4
93.0,Butyl 4-hydroxybenzoate,4-Hydroxybenzoic acid,94-26-8
94.0,2-methylimidazole,"glyoxal, formaldehyde, ammonia",693-98-1
95.0,1-vinylimidazole,Imidazole,1072-63-5
96.0,Perfluorobutane sulfonic acid (PFBS) and its salts,Perfluorobutanesulfonyl fluoride,-
97.0,bis(4-t-butylphenyl)iodonium perfluorobutanesulfonate,1-tert-butyl-4-iodobenzene,194999-85-4
98.0,tetrabutyl-phosphonium nonafluoro-butane-1-sulfonate,tetrabutylphosphonium chloride,220689-12-3
99.0,dimethyl(phenyl)sulfanium perfluorobutanesulfonate,thioanisole,220133-51-7
100.0,"1-(4-butoxy-1-naphthalenyl)tetrahydrothiophenium 1,1,2,2,3,3,4,4,4-nonafluoro-1-butanesulfonate",4-butoxy-1-naphthalenecarboxylic acid,-
101.0,Triphenylsulfanium perfluorobutane sulfonate,Triphenylsulfonium chloride,144317-44-2
102.0,"1,1,2,2,3,3,4,4,4-nonafluorobutane-1-sulphonic acid",Potassium nonaflate,375-73-5
103.0,magnesium perfluorobutanesulfonate,perfluorobutanesulfonic acid,507453-86-3
104.0,lithium perfluorobutanesulfonate,perfluorobutanesulfonyl fluoride,131651-65-5
105.0,morpholinium perfluorobutanesulfonate,"morpholine, nonafluorobutanesulfonic acid",503155-89-3
106.0,"Potassium 1,1,2,2,3,3,4,4,4-nonafluorobutane-1-sulphonate","1,1,2,2,3,3,4,4,4-nonafluorobutane-1-sulfonyl fluoride",29420-49-3
107.0,"Ammonium 1,1,2,2,3,3,4,4,4-nonafluorobutane-1-sulphonate","1,1,2,2,3,3,4,4,4-nonafluorobutane-1-sulfonyl fluoride",68259-10-9
108.0,"N,N,N-triethylethanaminium 1,1,2,2,3,3,4,4,4-nonafluorobutane-1-sulfonate",tetraethylammonium hydroxide,25628-08-4
109.0,Diisohexyl phthalate,Isohexanol,71850-09-4
110.0,2-methyl-1-(4-methylthiophenyl)-2-morpholinopropan-1-one,1-(4-methylthiophenyl)-2-bromopropan-1-one,71868-10-5
111.0,2-benzyl-2-dimethylamino-4'-morpholinobutyrophenone,4'-morpholinobutyrophenone,119313-12-1
112.0,"Tris(4-nonylphenyl, branched and linear) phosphite (TNPP)",4-nonylphenol,-
113.0,"Phenol, 4-nonyl-, phosphite (3:1)",Nonylphenol,3050-88-2
114.0,"tris(4-nonylphenyl, branched) phosphite","4-nonylphenol, branched",-
115.0,tris(nonylphenyl) phosphite,Nonylphenol,26523-78-4
116.0,"Phenol, p-isononyl-, phosphite (3:1)",4-nonylphenol,31631-13-7
117.0,"Phenol, p-sec-nonyl-, phosphite",4-sec-nonylphenol,106599-06-8
118.0,4-tert-butylphenol,Phenol,98-54-4
119.0,2-methoxyethyl acetate,2-methoxyethanol,110-49-6
120.0,"2,3,3,3-tetrafluoro-2-(heptafluoropropoxy)propionic acid, its salts and its acyl halides",Hexafluoropropylene oxide,-
121.0,"Persistence, mobility, potential for long-range transport, observed adverse effects (at least the following probable effects for human health: effects on the liver, the kidney, and the haematological and immune systems and effects on development; at least the following probable effects for the environment: population relevant effects on birds and mammals); as well as low adsorption potential and high water solubility rendering the substance fully bioavailable for uptake via (drinking) water. Together, these elements lead to a very high potential for irreversible effects.",Unknown,
122.0,"2,3,3,3-tetrafluoro-2-(heptafluoropropoxy)propionyl fluoride",Hexafluoropropylene oxide,2062-98-8
123.0,"Persistence, mobility, potential for long-range transport, observed adverse effects (at least the following probable effects for human health: effects on the liver, the kidney, and the haematological and immune systems and effects on development; at least the following probable effects for the environment: population relevant effects on birds and mammals); as well as low adsorption potential and high water solubility rendering the substance fully bioavailable for uptake via (drinking) water. Together, these elements lead to a very high potential for irreversible effects.",Perfluorooctanoic acid,
124.0,"2,3,3,3-tetrafluoro-2-(heptafluoropropoxy)propionic acid",hexafluoroproppropylene oxide,13252-13-6
125.0,"Persistence, mobility, potential for long-range transport, observed adverse effects (at least the following probable effects for human health: effects on the liver, the kidney, and the haematological and immune systems and effects on development; at least the following probable effects for the environment: population relevant effects on birds and mammals); as well as low adsorption potential and high water solubility rendering the substance fully bioavailable for uptake via (drinking) water. Together, these elements lead to a very high potential for irreversible effects.",Unknown,
126.0,"ammonium 2,3,3,3-tetrafluoro-2-(heptafluoropropoxy)propanoate","2,3,3,3-tetrafluoro-2-(heptafluoropropoxy)propanoic acid",62037-80-3
127.0,"Persistence, mobility, potential for long-range transport, observed adverse effects (at least the following probable effects for human health: effects on the liver, the kidney, and the haematological and immune systems and effects on development; at least the following probable effects for the environment: population relevant effects on birds and mammals); as well as low adsorption potential and high water solubility rendering the substance fully bioavailable for uptake via (drinking) water. Together, these elements lead to a very high potential for irreversible effects.",Perfluorooctanoic acid,
128.0,"potassium 2,3,3,3-tetrafluoro-2-(heptafluoropropoxy)propionate","2,3,3,3-tetrafluoro-2-(heptafluoropropoxy)propanoic acid",67118-55-2
129.0,"Persistence, mobility, potential for long-range transport, observed adverse effects (at least the following probable effects for human health: effects on the liver, the kidney, and the haematological and immune systems and effects on development; at least the following probable effects for the environment: population relevant effects on birds and mammals); as well as low adsorption potential and high water solubility rendering the substance fully bioavailable for uptake via (drinking) water. Together, these elements lead to a very high potential for irreversible effects.",Perfluorooctanesulfonic acid,
130.0,"Propanoic acid, 2,3,3,3-tetrafluoro-2-(heptafluoropropoxy)-, (-)-",Unknown,75579-40-7
131.0,"Persistence, mobility, potential for long-range transport, observed adverse effects (at least the following probable effects for human health: effects on the liver, the kidney, and the haematological and immune systems and effects on development; at least the following probable effects for the environment: population relevant effects on birds and mammals); as well as low adsorption potential and high water solubility rendering the substance fully bioavailable for uptake via (drinking) water. Together, these elements lead to a very high potential for irreversible effects.",Unknown,
132.0,"Propanoic acid, 2,3,3,3-tetrafluoro-2-(heptafluoropropoxy)-, (+)-",Unknown,75579-39-4
133.0,"Persistence, mobility, potential for long-range transport, observed adverse effects (at least the following probable effects for human health: effects on the liver, the kidney, and the haematological and immune systems and effects on development; at least the following probable effects for the environment: population relevant effects on birds and mammals); as well as low adsorption potential and high water solubility rendering the substance fully bioavailable for uptake via (drinking) water. Together, these elements lead to a very high potential for irreversible effects.",Unknown,
134.0,Pyrene,Chrysene,129-00-0
135.0,Phenanthrene,Biphenyl,85-01-8
136.0,Fluoranthene,Acenaphthylene,206-44-0
137.0,Benzo[k]fluoranthene,Fluoranthene,207-08-9
138.0,"2,2-bis(4'-hydroxyphenyl)-4-methylpentane","Phenol,4-methyl-2-pentanone",6807-17-6
139.0,"1,7,7-trimethyl-3-(phenylmethylene)bicyclo[2.2.1]heptan-2-one",Camphor,15087-24-8
140.0,"Terphenyl, hydrogenated",Terphenyl,61788-32-7
141.0,Octamethylcyclotetrasiloxane,Dimethyldichlorosilane,556-67-2
142.0,Lead,Galena,7439-92-1
143.0,Ethylenediamine,"1,2-Dichloroethane",107-15-3
144.0,Dodecamethylcyclohexasiloxane,Dimethyldichlorosilane,540-97-6
145.0,Disodium octaborate,Boric acid,12008-41-2
146.0,Dicyclohexyl phthalate,Phthalic anhydride,84-61-7
147.0,Decamethylcyclopentasiloxane,Dimethyldichlorosilane,541-02-6
148.0,Benzo[ghi]perylene,Pyrene,191-24-2
149.0,"Benzene-1,2,4-tricarboxylic acid 1,2 anhydride","1,2,4-trimethylbenzene",552-30-7
150.0,"Reaction products of 1,3,4-thiadiazolidine-2,5-dithione, formaldehyde and 4-heptylphenol, branched and linear (RP-HP)",4-heptylphenol,-
151.0,"Formaldehyde, reaction products with branched and linear heptylphenol, carbon disulfide and hydrazine",Heptylphenol,93925-00-9
152.0,"Reaction product of 1,3,4-thiadiazolidine-2,5-dithione, formaldehyde and phenol, heptyl derivs.",Heptylphenol,1471311-26-8
153.0,Chrysene,Anthracene,218-01-9
154.0,Cadmium nitrate,Cadmium oxide,10325-94-7
155.0,Cadmium hydroxide,Cadmium nitrate,21041-95-2
156.0,Cadmium carbonate,Cadmium sulfate,513-78-0
157.0,Benz[a]anthracene,1-Naphthaldehyde,56-55-3
158.0,"1,6,7,8,9,14,15,16,17,17,18,18-Dodecachloropentacyclo[12.2.1.16,9.02,13.05,10]octadeca-7,15-diene (“Dechlorane Plus”™)",Hexachlorocyclopentadiene,-
159.0,"(1S,2S,5R,6R,9S,10S,13R,14R)-1,6,7,8,9,14,15,16,17,17,18,18-Dodecachloropentacyclo[12.2.1.1⁶,⁹.0²,¹³.0⁵,¹⁰]octadeca-7,15-diene",Hexachlorocyclopentadiene,135821-03-3
160.0,"1,6,7,8,9,14,15,16,17,17,18,18-dodecachloropentacyclo[12.2.1.16,9.02,13.05,10]octadeca-7,15-diene",Hexachlorocyclopentadiene,13560-89-9
161.0,"(1S,2S,5S,6S,9R,10R,13R,14R)-1,6,7,8,9,14,15,16,17,17,18,18-Dodecachloropentacyclo[12.2.1.1⁶,⁹.0²,¹³.0⁵,¹⁰]octadeca-7,15-diene",Hexachlorocyclopentadiene,135821-74-8
162.0,"rel-(1R,4S,4aS,6aR,7R,10S,10aS,12aR)-1,2,3,4,7,8,9,10,13,13,14,14-dodecachloro-1,4,4a,5,6,6a,7,10,10a,11,12,12a-dodecahydro-1,4:7,10-dimethanodibenzo[a,e]cyclooctene",Hexachlorocyclopentadiene,-
163.0,"rel-(1R,4S,4aS,6aS,7S,10R,10aR,12aR)-1,2,3,4,7,8,9,10,13,13,14,14-dodecachloro-1,4,4a,5,6,6a,7,10,10a,11,12,12a-dodecahydro-1,4:7,10-dimethanodibenzo[a,e]cyclooctene",Hexachlorocyclopentadiene,-
164.0,Perfluorohexane-1-sulphonic acid and its salts,1-iodoperfluorohexane,-
165.0,potassium perfluorohexane-1-sulphonate,perfluorohexane-1-sulphonyl fluoride,3871-99-6
166.0,ammonium perfluorohexane-1-sulphonate,perfluorohexane-1-sulfonyl fluoride,68259-08-5
167.0,"tridecafluorohexanesulphonic acid, compound with 2,2'-iminodiethanol (1:1)",tridecafluorohexanesulphonic acid,70225-16-0
168.0,perfluorohexane-1-sulphonic acid,perfluorohexyl iodide,355-46-4
169.0,"Sulfonium, [4-[(2-methyl-1-oxo-2-propenyl)oxy]phenyl]diphenyl-, salt with 1,1,2,2,3,3,4,4,5,5,6,6,6-tridecafluoro-1-hexanesulfonic acid (1:1), polymer with 2-ethyltricyclo[3.3.1.13,7]dec-2-yl 2-methyl-2-propenoate, 3-hydroxytricyclo[3.3.1.13,7]dec-1-yl 2-methyl-2-propenoate and tetrahydro-2-oxo-3-furanyl 2-methyl-2-propenoate",2-methyl-2-propenoic acid,911027-69-5
170.0,"1-Hexanesulfonic acid, 1,1,2,2,3,3,4,4,5,5,6,6,6-tridecafluoro-, cesium salt (1:1)","1-Iodo-1,1,2,2,3,3,4,4,5,5,6,6,6-tridecafluorohexane",92011-17-1
171.0,"Dibenzo[k,n][1,4,7,10,13]tetraoxathiacyclopentadecinium, 19-[4-(1,1-dimethylethyl)phenyl]-6,7,9,10,12,13-hexahydro-, 1,1,2,2,3,3,4,4,5,5,6,6,6-tridecafluoro-1-hexanesulfonate (1:1)",Dibenzo-15-crown-5-thioether,928049-42-7
172.0,"1-Hexanesulfonic acid, 1,1,2,2,3,3,4,4,5,5,6,6,6-tridecafluoro-, lithium salt (1:1)",1-Iodoperfluorohexane,55120-77-9
173.0,"Quinolinium, 1-(carboxymethyl)-4-[2-[4-[4-(2,2-diphenylethenyl)phenyl]-1,2,3,3a,4,8b-hexahydrocyclopent[b]indol-7-yl]ethenyl]-, 1,1,2,2,3,3,4,4,5,5,6,6,6-tridecafluoro-1-hexanesulfonate (1:1)",4-methylquinoline,1462414-59-0
174.0,"Iodonium, diphenyl-, 1,1,2,2,3,3,4,4,5,5,6,6,6-tridecafluoro-1-hexanesulfonate (1:1)",Diphenyliodonium chloride,153443-35-7
175.0,"Methanaminium, N,N,N-trimethyl-, salt with 1,1,2,2,3,3,4,4,5,5,6,6,6-tridecafluoro-1-hexanesulfonic acid (1:1)","1,1,2,2,3,3,4,4,5,5,6,6,6-tridecafluoro-1-hexanesulfonic acid",189274-31-5
176.0,"1-Hexanesulfonic acid, 1,1,2,2,3,3,4,4,5,5,6,6,6-tridecafluoro-, compd.with 2-methyl-2-propanamine (1:1)","Perfluoro-1-hexanesulfonic acid, 2-methyl-2-propanamine",202189-84-2
177.0,"Iodonium, bis[4-(1,1-dimethylethyl)phenyl]-, 1,1,2,2,3,3,4,4,5,5,6,6,6-tridecafluoro-1-hexanesulfonate (1:1)",Bis(4-tert-butylphenyl)iodonium bromide,213740-81-9
178.0,"1-Hexanesulfonic acid, 1,1,2,2,3,3,4,4,5,5,6,6,6-tridecafluoro-, gallium salt (9CI)",Perfluorohexanesulfonic acid,341035-71-0
179.0,"Sulfonium, bis(4-methylphenyl)phenyl-, 1,1,2,2,3,3,4,4,5,5,6,6,6-tridecafluoro-1-hexanesulfonate (1:1)",Diphenyl sulfoxide,341548-85-4
180.0,"1-Hexanesulfonic acid, 1,1,2,2,3,3,4,4,5,5,6,6,6-tridecafluoro-, scandium(3+) salt (3:1)",1H-Perfluorohexane-1-sulfonic acid,350836-93-0
181.0,"1-Hexanesulfonic acid, 1,1,2,2,3,3,4,4,5,5,6,6,6-tridecafluoro-, zinc salt","1H,1H,2H,2H-perfluoro-1-hexanesulphonyl chloride",70136-72-0
182.0,"1-Hexanesulfonic acid, 1,1,2,2,3,3,4,4,5,5,6,6,6-tridecafluoro-, neodymium(3+) salt (3:1)",Perfluorohexanesulfonic acid,41184-65-0
183.0,"1-Hexanesulfonic acid, 1,1,2,2,3,3,4,4,5,5,6,6,6-tridecafluoro-, yttrium(3+) salt (3:1)",Perfluorohexanesulfonic acid,41242-12-0
184.0,"Sulfonium, (thiodi-4,1-phenylene)bis[diphenyl-, salt with 1,1,2,2,3,3,4,4,5,5,6,6,6-tridecafluoro-1-hexanesulfonic acid (1:2)",Diphenyl sulfide,421555-73-9
185.0,"Iodonium, bis[4-(1,1-dimethylpropyl)phenyl]-, salt with 1,1,2,2,3,3,4,4,5,5,6,6,6-tridecafluoro-1-hexanesulfonic","1-iodo-4-(1,1-dimethylpropyl)benzene",421555-74-0
186.0,"Sulfonium, tris[4-(1,1-dimethylethyl)phenyl]-, 1,1,2,2,3,3,4,4,5,5,6,6,6-tridecafluoro-1-hexanesulfonate (1:1)",Tris(4-tert-butylphenyl)sulfonium bromide,425670-70-8
187.0,"Phosphonium, triphenyl(phenylmethyl)-, 1,1,2,2,3,3,4,4,5,5,6,6,6-tridecafluoro-1-hexanesulfonate (1:1)","Triphenylphosphine, Benzyl bromide, Tridecafluorohexanesulfonic acid",1000597-52-3
188.0,"N,N,N-tributylbutan-1-aminium tridecafluorohexane-1-sulfonate",Tridecafluorohexane-1-sulfonic acid,108427-54-9
189.0,"N,N,N-triethylethanaminium tridecafluorohexane-1-sulfonate","1,1,2,2,3,3,4,4,5,5,6,6,6-tridecafluorohexane-1-sulfonic acid",108427-55-0
190.0,"1-Hexanesulfonic acid, 1,1,2,2,3,3,4,4,5,5,6,6,6-tridecafluoro-, compd. With pyrrolidine (1:1)","Perfluorohexanesulfonic acid, pyrrolidine",1187817-57-7
191.0,"Ethanaminium, N-[4-[[4-(diethylamino)phenyl][4-(ethylamino)-1-naphthalenyl]methylene]-2,5-cyclohexadien-1-ylidene]-N-ethyl-, 1,1,2,2,3,3,4,4,5,5,6,6,6-tridecafluoro-1-hexanesulfonate (1:1)",Victoria Blue R,1310480-24-0
192.0,"Methanaminium, N-[4-[[4-(dimethylamino)phenyl][4-(ethylamino)-1-naphthalenyl]methylene]-2,5-cyclohexadien-1-ylidene]-N-methyl-, 1,1,2,2,3,3,4,4,5,5,6,6,6-tridecafluoro-1-hexanesulfonate (1:1)",Victoria Blue R,1310480-27-3
193.0,"Methanaminium, N-[4-[[4-(dimethylamino)phenyl][4-(phenylamino)-1-naphthalenyl]methylene]-2,5-cyclohexadien-1-ylidene]-N-methyl-, 1,1,2,2,3,3,4,4,5,5,6,6,6-tridecafluoro-1-hexanesulfonate (1:1)",Victoria Blue R,1310480-28-4
194.0,"Beta-Cyclodextrin, compd. with 1,1,2,2,3,3,4,4,5,5,6,6,6-tridecafluoro-1-hexanesulfonic acid ion(1-)(1:1)",Beta-Cyclodextrin,1329995-45-0
195.0,"Gamma-Cyclodextrin, compd. with 1,1,2,2,3,3,4,4,5,5,6,6,6-tridecafluoro-1-hexanesulfonic acid ion(1-)(1:1)","Gamma-cyclodextrin,Tridecafluorohexanesulfonic acid",1329995-69-8
196.0,"Sulfonium, triphenyl-, 1,1,2,2,3,3,4,4,5,5,6,6,6-tridecafluoro-1-hexanesulfonate (1:1)",Triphenylsulfonium chloride,144116-10-9
197.0,"Sulfonium, [4-[(2-methyl-1-oxo-2-propen-1-yl)oxy]phenyl]diphenyl-, 1,1,2,2,3,3,4,4,5,5,6,6,6-tridecafluoro-1-hexanesulfonate (1:1)",4-(diphenylsulfonio)phenyl methacrylate,911027-68-4
198.0,"Sulfonium, (4-methylphenyl)diphenyl-, 1,1,2,2,3,3,4,4,5,5,6,6,6-tridecafluoro-1-hexanesulfonate (1:1)",(4-Methylphenyl)diphenylsulfonium trifluoromethanesulfonate,910606-39-2
199.0,"Iodonium, bis[(1,1-dimethylethyl)phenyl]-, salt with 1,1,2,2,3,3,4,4,5,5,6,6,6-tridecafluoro-1-hexanesulfonic acid (1:1) (9CI)",tert-butylbenzene,866621-50-3
200.0,"1-Hexanesulfonic acid, 1,1,2,2,3,3,4,4,5,5,6,6,6-tridecafluoro-, compd. with N,N-diethylethanamine (1:1)","1-Hexanesulfonic acid, 1,1,2,2,3,3,4,4,5,5,6,6,6-tridecafluoro-",72033-41-1
201.0,"1-Hexanesulfonic acid, 1,1,2,2,3,3,4,4,5,5,6,6,6-tridecafluoro-, sodium salt","1-Iodo-1,1,2,2,3,3,4,4,5,5,6,6,6-tridecafluorohexane",82382-12-5
202.0,"p-(1,1-dimethylpropyl)phenol",Phenol,80-46-6
203.0,Nonadecafluorodecanoic acid (PFDA) and its sodium and ammonium salts,"1H,1H,2H,2H-perfluorododecan-1-ol",-
204.0,sodium nonadecafluorodecanoate,perfluorodecanoic acid,3830-45-3
205.0,Ammonium nonadecafluorodecanoate,Perfluorodecanoic acid,3108-42-7
206.0,Nonadecafluorodecanoic acid,Decanoic acid,335-76-2
207.0,"4-heptylphenol, branched and linear","Phenol, heptene",-
208.0,4-heptylphenol,Phenol,1987-50-4
209.0,"Phenol, heptyl derivs.","Phenol, 1-heptene",72624-02-3
210.0,4-(3-ethylpentan-3-yl)phenol,Phenol,37872-24-5
211.0,4-(2-methylhexan-2-yl)phenol,"Phenol,2-methylhex-2-ene",30784-31-7
212.0,"4-(3,3-dimethylpentan-2-yl)phenol",Phenol,911371-06-7
213.0,4-(3-methylhexan-2-yl)phenol,Phenol,854904-93-1
214.0,"4-(4,4-dimethylpentan-2-yl)phenol",Phenol,911371-07-8
215.0,4-(4-methylhexan-2-yl)phenol,Phenol,71945-81-8
216.0,4-(5-methylhexan-2-yl)phenol,Phenol,857629-71-1
217.0,"4-(2,2-dimethylpentan-3-yl)phenol",phenol,861010-65-3
218.0,4-(5-methylhexan-3-yl)phenol,Phenol,854904-92-0
219.0,4-(heptan-3-yl)phenol,Phenol,6465-74-3
220.0,4-(heptan-2-yl)phenol,"Phenol,2-heptene",6863-24-7
221.0,4-(heptan-4-yl)phenol,Phenol,6465-71-0
222.0,4-(3-ethylpentyl)phenol,Phenol,911370-98-4
223.0,4-(3-methylhexyl)phenol,Phenol,102570-52-5
224.0,4-(4-methylhexyl)phenol,Phenol,1139800-98-8
225.0,4-(5-methylhexyl)phenol,Phenol,100532-36-3
226.0,"4-(2,4-dimethylpentan-3-yl)phenol",Phenol,1824346-00-0
227.0,"Phenol, 4-tert-heptyl-",Phenol,288864-02-8
228.0,"Phenol, 4-(1-ethyl-1,2-dimethylpropyl)-",Phenol,30784-27-1
229.0,"4-(2,3-dimethylpentan-2-yl)phenol",Phenol,861011-60-1
230.0,"4-(2,4-dimethylpentan-2-yl)phenol",Phenol,33104-11-9
231.0,4-(3-methylhexan-3-yl)phenol,Phenol,30784-32-8
232.0,"4-(2,3,3-trimethylbutan-2-yl)phenol",Phenol,72861-06-4
233.0,"4,4'-isopropylidenediphenol","Phenol,Acetone",80-05-7
234.0,Benzo[def]chrysene (Benzo[a]pyrene),Pyrene,50-32-8
235.0,Perfluorononan-1-oic-acid and its sodium and ammonium salts,"1H,1H,2H,2H-perfluoroundecan-1-ol",-
236.0,ammonium heptadecafluorononanoate,heptadecafluorononanoic acid,4149-60-4
237.0,Perfluorononan-1-oic-acid,"1H,1H,2H,2H-perfluoroundecan-1-ol",375-95-1
238.0,sodium heptadecafluorononanoate,perfluorononanoic acid,21049-39-8
239.0,Nitrobenzene,Benzene,98-95-3
240.0,2-(2H-benzotriazol-2-yl)-4-(tert-butyl)-6-(sec-butyl)phenol (UV-350),2-nitroaniline,36437-37-3
241.0,"2,4-di-tert-butyl-6-(5-chlorobenzotriazol-2-yl)phenol (UV-327)","2,4-di-tert-butylphenol",3864-99-1
242.0,"1,3-propanesultone",3-chloro-1-propanol,1120-71-4
243.0,"5-sec-butyl-2-(2,4-dimethylcyclohex-3-en-1-yl)-5-methyl-1,3-dioxane [1], 5-sec-butyl-2-(4,6-dimethylcyclohex-3-en-1-yl)-5-methyl-1,3-dioxane [2]","2-methyl-2-sec-butyl-1,3-propanediol",-
244.0,"Reaction mass of 5-[(2R)-butan-2-yl]-2-[(1R,2R)-2,4-dimethylcyclohex-3-en-1-yl]-5-methyl-1,3-dioxane and 5-[(2R)-butan-2-yl]-2-[(1R,6R)-4,6-dimethylcyclohex-3-en-1-yl]-5-methyl-1,3-dioxane and 5-[(2S)-butan-2-yl]-2-[(1R,2R)-2,4-dimethylcyclohex-3-en-1-yl]-5-methyl-1,3-dioxane and 5-[(2S)-butan-2-yl]-2-[(1S,2R)-2,4-dimethylcyclohex-3-en-1-yl]-5-methyl-1,3-dioxane and 5-[(2S)-butan-2-yl]-2-[(1S,6R)-4,6-dimethylcyclohex-3-en-1-yl]-5-methyl-1,3-dioxane","2,2-dimethyl-1,3-propanediol",-
245.0,"1,3-Dioxane, 2-(2,4-dimethyl-3-cyclohexen-1-yl)-5-methyl-5-(1-methylpropyl)-","2,4-dimethyl-3-cyclohexene-1-carboxaldehyde",117933-89-8
246.0,"5-sec-butyl-2-(4,6-dimethylcyclohex-3-en-1-yl)-5-methyl-1,3-dioxane","2-methyl-2-sec-butyl-1,3-propanediol,4,6-dimethylcyclohex-3-ene-1-carbaldehyde",-
247.0,"1,3-Dioxane, 2-[(1R,2R)-2,4-dimethyl-3-cyclohexen-1-yl]-5-methyl-5-(1-methylpropyl)-, cis-","2,4-dimethyl-3-cyclohexene-1-carboxaldehyde",676367-05-8
248.0,"1,3-Dioxane, 2-[(1R,2R)-2,4-dimethyl-3-cyclohexen-1-yl]-5-methyl-5-(1-methylpropyl)-, cis-rel-","2,4-Dimethyl-3-cyclohexenecarbaldehyde",343934-04-3
249.0,"1,3-Dioxane, 2-[(1R,2R)-2,4-dimethyl-3-cyclohexen-1-yl]-5-methyl-5-(1-methylpropyl)-, trans-","2,4-Dimethyl-3-cyclohexene-1-carboxaldehyde",676367-09-2
250.0,"1,3-Dioxane, 2-[(1R,2R)-2,4-dimethyl-3-cyclohexen-1-yl]-5-methyl-5-(1-methylpropyl)-, trans-rel-","2,4-dimethyl-3-cyclohexene-1-carboxaldehyde",343934-05-4
251.0,"1,3-Dioxane, 2-[(1R,2S)-2,4-dimethyl-3-cyclohexen-1-yl]-5-methyl-5-(1-methylpropyl)-, cis-","2,4-dimethyl-3-cyclohexene-1-carboxaldehyde",676367-04-7
252.0,"1,3-Dioxane, 2-[(1R,2S)-2,4-dimethyl-3-cyclohexen-1-yl]-5-methyl-5-(1-methylpropyl)-, trans-","2,4-dimethyl-3-cyclohexene-1-carboxaldehyde",676367-08-1
253.0,"1,3-Dioxane, 2-[(1S,2R)-2,4-dimethyl-3-cyclohexen-1-yl]-5-methyl-5-(1-methylpropyl)-, cis-","2,4-Dimethyl-3-cyclohexene-1-carboxaldehyde",676367-03-6
254.0,"1,3-Dioxane, 2-[(1S,2R)-2,4-dimethyl-3-cyclohexen-1-yl]-5-methyl-5-(1-methylpropyl)-, trans-","2,4-dimethylcyclohex-3-ene-1-carbaldehyde",676367-07-0
255.0,"1,3-Dioxane, 2-[(1S,2S)-2,4-dimethyl-3-cyclohexen-1-yl]-5-methyl-5-(1-methylpropyl)-, cis-","3-methyl-2-(1-methylpropyl)propane-1,3-diol",676367-02-5
256.0,"1,3-Dioxane, 2-[(1S,2S)-2,4-dimethyl-3-cyclohexen-1-yl]-5-methyl-5-(1-methylpropyl)-, trans-","2,4-Dimethyl-3-cyclohexenecarbaldehyde",676367-06-9
257.0,"Reaction mass of 5-sec-butyl-2-(2,4-dimethylcyclohex-3-en-1-yl)-5-methyl-1,3-dioxane and 5-sec-butyl-2-(4,6-dimethylcyclohex-3-en-1-yl)-5-methyl-1,3-dioxane","2,4-dimethylcyclohex-3-ene-1-carbaldehyde",-
258.0,"5-sec-butyl-2-(2,4-dimethylcyclohex-3-en-1-yl)-5-methyl-1,3-dioxane","2,4-dimethylcyclohex-3-ene-1-carbaldehyde, 2-methyl-2-sec-butylpropane-1,3-diol",-
259.0,"1,2-benzenedicarboxylic acid, di-C6-10-alkyl esters or mixed decyl and hexyl and octyl diesters",Phthalic anhydride,-
260.0,"1,2-Benzenedicarboxylic acid, mixed decyl and hexyl and octyl diesters",Phthalic anhydride,68648-93-1
261.0,"1,2-Benzenedicarboxylic acid, di-C6-10-alkyl esters",Phthalic anhydride,68515-51-5
262.0,"Reaction mass of 2-ethylhexyl 10-ethyl-4,4-dioctyl-7-oxo-8-oxa-3,5-dithia-4-stannatetradecanoate and 2-ethylhexyl 10-ethyl-4-[[2-[(2-ethylhexyl)oxy]-2-oxoethyl]thio]-4-octyl-7-oxo-8-oxa-3,5-dithia-4-stannatetradecanoate (reaction mass of DOTE and MOTE)",Dioctyltin oxide,-
263.0,Cadmium sulphate,Cadmium oxide,"10124-36-4, 31119-53-6"
264.0,"Sulfuric acid, cadmium salt (1:1), hydrate",Cadmium oxide,15244-35-6
265.0,"Sulfuric acid, cadmium salt, hydrate (3:3:8)",Cadmium sulfate,7790-84-3
266.0,Cadmium fluoride,Cadmium oxide,7790-79-6
267.0,"2-ethylhexyl 10-ethyl-4,4-dioctyl-7-oxo-8-oxa-3,5-dithia-4-stannatetradecanoate (DOTE)",Dioctyltin dichloride,15571-58-1
268.0,"2-benzotriazol-2-yl-4,6-di-tert-butylphenol (UV-320)","2-nitro-4,6-di-tert-butylaniline",3846-71-7
269.0,"2-(2H-benzotriazol-2-yl)-4,6-ditertpentylphenol (UV-328)","2,4-di-tert-pentylphenol",25973-55-1
270.0,Sodium peroxometaborate,Sodium borate,7632-04-4
271.0,"Sodium perborate, perboric acid, sodium salt","Sodium tetraborate, hydrogen peroxide",-
272.0,"Perboric acid, sodium salt, tetrahydrate ()","Sodium metaborate, hydrogen peroxide",37244-98-7
273.0,"Perboric acid (HBO(O2)), sodium salt, tetrahydrate",Sodium metaborate,10486-00-7
274.0,Sodium perborate monohydrate,Sodium tetraborate pentahydrate,10332-33-9
275.0,"Perboric acid, sodium salt",Sodium tetraborate,11138-47-9
276.0,Sodium perborate,Borax,15120-21-5
277.0,"Borate(2-), tetrahydroxybis[μ-(peroxy-κO1:κO2)]di-, sodium, hydrate (1:2:6)",Sodium perborate tetrahydrate,125022-34-6
278.0,"Borate(2-), tetrahydroxybis[μ-(peroxy-κO1:κO2)]di-, sodium (1:2)",Sodium perborate tetrahydrate,90568-23-3
279.0,"Perboric acid (H3BO2(O2)), monosodium salt, trihydrate",Sodium tetraborate decahydrate,13517-20-9
280.0,Cadmium chloride,Cadmium oxide,10108-64-2
281.0,"cadmium chloride (CdCl2), hydrate (2:5)",Cadmium oxide,7790-78-5
282.0,"1,2-Benzenedicarboxylic acid, dihexyl ester, branched and linear",Phthalic anhydride,68515-50-4
283.0,Trixylyl phosphate,Xylenol,25155-23-1
284.0,Lead di(acetate),Lead(II) oxide,301-04-2
285.0,Imidazolidine-2-thione (2-imidazoline-2-thiol),"Ethylenediamine,Carbon disulfide",96-45-7
286.0,"Disodium 4-amino-3-[[4'-[(2,4-diaminophenyl)azo][1,1'-biphenyl]-4-yl]azo] -5-hydroxy-6-(phenylazo)naphthalene-2,7-disulphonate (C.I. Direct Black 38)",Benzidine,1937-37-7
287.0,"Disodium 3,3'-[[1,1'-biphenyl]-4,4'-diylbis(azo)]bis(4-aminonaphthalene-1-sulphonate) (C.I. Direct Red 28)",Benzidine,573-58-0
288.0,Dihexyl phthalate,Phthalic anhydride,84-75-3
289.0,Cadmium sulphide,Cadmium chloride,1306-23-6
290.0,Pentadecafluorooctanoic acid (PFOA),Perfluorooctanesulfonyl fluoride,335-67-1
291.0,Dipentyl phthalate (DPP),Phthalic anhydride,131-18-0
292.0,Cadmium oxide,Cadmium metal,1306-19-0
293.0,Monteponite (CdO),Cadmium metal,12139-21-8
294.0,Cadmium,Cadmium oxide,7440-43-9
295.0,Ammonium pentadecafluorooctanoate (APFO),Perfluorooctanoic acid,3825-26-1
296.0,"4-Nonylphenol, branched and linear, ethoxylated",Nonylphenol,-
297.0,"14-(nonylphenoxy)-3,6,9,12-tetraoxatetradecan-1-ol","Nonylphenol,tetraethylene glycol",26264-02-8
298.0,"23-(nonylphenoxy)-3,6,9,12,15,18,21-heptaoxatricosan-1-ol",Nonylphenol,27177-05-5
299.0,"2-{2-[4-(3,6-dimethylheptan-3-yl)phenoxy]ethoxy}ethanol","4-(3,6-dimethylheptan-3-yl)phenol",1119449-38-5
300.0,"Nonylphenol, ethoxylated",Nonylphenol,9016-45-9
301.0,2-[2-[2-[2-(4-nonylphenoxy)ethoxy]ethoxy]ethoxy]ethanol,4-Nonylphenol,7311-27-5
302.0,"4-Nonylphenol, ethoxylated",4-Nonylphenol,26027-38-3
303.0,2-(nonylphenoxy)ethanol,4-nonylphenol,27986-36-3
304.0,"4-Nonylphenol, branched, ethoxylated",4-Nonylphenol,127087-87-0
305.0,"26-(4-Nonylphenoxy)-3,6,9,12,15,18,21,24- octaoxahexacosan -1-ol",4-Nonylphenol,14409-72-4
306.0,2-[2-(nonylphenoxy)ethoxy]ethanol,Nonylphenol,27176-93-8
307.0,2-[2-(4-nonylphenoxy)ethoxy]ethanol,4-nonylphenol,20427-84-3
308.0,"20-(4-nonylphenoxy)-3,6,9,12,15,18-hexaoxaicosan-1-ol",4-nonylphenol,27942-27-4
309.0,"Nonylphenol, branched, ethoxylated",Nonylphenol,68412-54-4
310.0,"2-[4-(3,6-dimethylheptan-3-yl)phenoxy]ethanol","4-(3,6-dimethylheptan-3-yl)phenol",1119449-37-4
311.0,Nonylphenolpolyglycolether,Nonylphenol,-
312.0,"4-Nonylphenol, branched, ethoxylated",4-Nonylphenol,127087-87-0
313.0,"Poly(oxy-1,2-ethanediyl), α-(nonylphenyl)-ω-hydroxy-",Nonylphenol,9016-45-9
314.0,2-(4-nonylphenoxy)ethanol,4-nonylphenol,104-35-8
315.0,"29-(nonylphenoxy)-3,6,9,12,15,18,21,24,27-nonaoxanonacosanol",Nonylphenol,27177-08-8
316.0,"20-(nonylphenoxy)-3,6,9,12,15,18-hexaoxaicosan-1-ol",Nonylphenol,27177-03-3
317.0,"26-(nonylphenoxy)-3,6,9,12,15,18,21,24-octaoxahexacosan-1-ol",Nonylphenol,26571-11-9
318.0,"26-(nonylphenoxy)-3,6,9,12,15,18,21,24-octaoxahexacosan-1-ol;",Nonylphenol,42173-90-0
319.0,"20-(isononylphenoxy)-3,6,9,12,15,18-hexaoxaicosan-1-ol",4-isononylphenol,65455-69-8
320.0,"3,6,9,12,15,18,21,24,27-Nonaoxanonacosan-1-ol, 29-(isononylphenoxy)-",Isononylphenol,65455-72-3
321.0,"44-(nonylphenoxy)-3,6,9,12,15,18,21,24,27,30,33,36,39,42-tetradecaoxatetratetracontanol",Nonylphenol,57321-10-5
322.0,"3,6,9,12,15-Pentaoxaheptadecan-1-ol, 17-(nonylphenoxy)-",Nonylphenol,27177-01-1
323.0,"3,6,9,12-Tetraoxatetradecan-1-ol, 14-(4-nonylphenoxy)-",4-Nonylphenol,20636-48-0
324.0,4-t-Nonylphenol-diethoxylate,4-tert-Nonylphenol,156609-10-8
325.0,"Isononylphenol, ethoxylated",Isononylphenol,37205-87-1
326.0,"17-(4-nonylphenoxy)-3,6,9,12,15-pentaoxaheptadecan-1-ol",4-nonylphenol,34166-38-6
327.0,"Nonylphenol, ethoxylated (polymer)",Nonylphenol,-
328.0,"Nonylphenol, ethoxylated (EO = 4)",Nonylphenol,-
329.0,"Nonylphenol, ethoxylated (EO = 10)",Nonylphenol,-
330.0,2-(isononylphenoxy)ethanol,Isononylphenol,85005-55-6
331.0,"3,6,9,12-Tetraoxatetradecan-1-ol, 14-(4-nonylphenoxy)-, branched",Nonylphenol,91648-64-5
332.0,"Nonylphenol, ethoxylated (6,5-EO)",Nonylphenol,9016-45-9
333.0,"Nonylphenol, ethoxylated (8-EO)",Nonylphenol,9016-45-9
334.0,"Nonylphenol, ethoxylated (10-EO)",Nonylphenol,9016-45-9
335.0,"Nonylphenol, ethoxylated (15-EO)",Nonylphenol,9016-45-9
336.0,"Poly (oxy-1,2-ethanediyl), alpha -(nonylphenyl)-omega-hydroxy-, branched",Nonylphenol,68412-54-4
337.0,"Poly(oxy-1,2-ethanediyl), α-(nonylphenyl)-ω-hydroxy-, branched",Nonylphenol,68412-54-4
338.0,Trilead dioxide phosphonate,Lead(II) oxide,12141-20-7
339.0,Trilead bis(carbonate) dihydroxide,Lead(II) nitrate,1319-46-6
340.0,Tricosafluorododecanoic acid,"1H,1H-perfluorododecan-1-ol",307-55-1
341.0,Tetralead trioxide sulphate,Lead(II) oxide,12202-17-4
342.0,Tetraethyllead,Ethyl chloride,78-00-2
343.0,"Sulfurous acid, lead salt, dibasic",Lead(II) oxide,62229-08-7
344.0,"Silicic acid, lead salt",Lead(II) oxide,11120-22-2
345.0,"Silicic acid (H2Si2O5), barium salt (1:1), lead-doped",Barium carbonate,68784-75-8
346.0,"Pyrochlore, antimony lead yellow","Antimony trioxide,Lead(II) oxide",8012-00-8
347.0,Pentalead tetraoxide sulphate,Lead(II) oxide,12065-90-6
348.0,Pentacosafluorotridecanoic acid,Tridecanoic acid,72629-94-8
349.0,Orange lead (lead tetroxide),Lead(II) oxide,1314-41-6
350.0,o-toluidine,o-nitrotoluene,95-53-4
351.0,o-aminoazotoluene,o-toluidine,97-56-3
352.0,n-pentyl-isopentyl phthalate,phthalic anhydride,776297-69-9
353.0,N-methylacetamide,Acetic acid,79-16-3
354.0,"N,N-dimethylformamide",Dimethylamine,68-12-2
355.0,Methyloxirane (Propylene oxide),Propene,75-56-9
356.0,Methoxyacetic acid,Chloroacetic acid,625-45-6
357.0,Lead titanium zirconium oxide,"Lead(II) acetate trihydrate, Titanium(IV) isopropoxide, Zirconium(IV) n-propoxide",12626-81-2
358.0,Lead titanium trioxide,"Lead(II) oxide, Titanium(IV) oxide",12060-00-3
359.0,Lead oxide sulfate,Lead(II) oxide,12036-76-9
360.0,Lead monoxide (lead oxide),Lead,1317-36-8
361.0,Lead dinitrate,Lead(II) oxide,10099-74-8
362.0,Lead cyanamidate,Calcium cyanamide,20837-86-9
363.0,Lead bis(tetrafluoroborate),"Lead(II) oxide, Tetrafluoroboric acid",13814-96-5
364.0,Hexahydromethylphthalic anhydride,Methyltetrahydrophthalic anhydride,-
365.0,Hexahydro-1-methylphthalic anhydride,"1-Methyl-1,2,3,6-tetrahydrophthalic anhydride",48122-14-1
366.0,Hexahydromethylphthalic anhydride,Methyltetrahydrophthalic anhydride,25550-51-0
367.0,Hexahydro-4-methylphthalic anhydride,"4-Methyl-1,2,3,6-tetrahydrophthalic anhydride",19438-60-9
368.0,Hexahydro-3-methylphthalic anhydride,3-Methylphthalic anhydride,57110-29-9
369.0,Heptacosafluorotetradecanoic acid,"1H,1H-perfluorotetradecan-1-ol",376-06-7
370.0,Henicosafluoroundecanoic acid,Undecafluoroundecanoic acid,2058-94-8
371.0,Furan,Furfural,110-00-9
372.0,"Fatty acids, C16-18, lead salts",Stearic acid,91031-62-8
373.0,Dioxobis(stearato)trilead,Lead(II) oxide,12578-12-0
374.0,"Dinoseb (6-sec-butyl-2,4-dinitrophenol)",2-sec-butylphenol,88-85-7
375.0,Dimethyl sulphate,Methanol,77-78-1
376.0,Diisopentyl phthalate,Phthalic anhydride,605-50-5
377.0,Diethyl sulphate,Ethanol,64-67-5
378.0,Dibutyltin dichloride (DBTC),Tetrabutyltin,683-18-1
379.0,"Diazene-1,2-dicarboxamide (C,C'-azodi(formamide)) (ADCA)",Hydrazine,123-77-3
380.0,"Cyclohexane-1,2-dicarboxylic anhydride",Cyclohexene,-
381.0,"trans-cyclohexane-1,2-dicarboxylic anhydride","trans-cyclohexane-1,2-dicarboxylic acid",14166-21-3
382.0,"Cyclohexane-1,2-dicarboxylic anhydride","Cyclohex-4-ene-1,2-dicarboxylic anhydride",85-42-7
383.0,"cis-cyclohexane-1,2-dicarboxylic anhydride","cis-cyclohexane-1,2-dicarboxylic acid",13149-00-3
384.0,Bis(pentabromophenyl) ether (decabromodiphenyl ether) (DecaBDE),Diphenyl ether,1163-19-5
385.0,Biphenyl-4-ylamine,Biphenyl,92-67-1
386.0,"Acetic acid, lead salt, basic",Lead(II) acetate,51404-69-4
387.0,[Phthalato(2-)]dioxotrilead,Lead(II) oxide,69011-06-9
388.0,6-methoxy-m-toluidine (p-cresidine),2-nitro-p-cresol,120-71-8
389.0,"4-Nonylphenol, branched and linear","Phenol, Nonene",-
390.0,p-(1-methyloctyl)phenol,"Phenol, 2-nonene",17404-66-9
391.0,p-isononylphenol,"Phenol,Nonene",26543-97-5
392.0,"4-(1-Ethyl-1,4-dimethylpentyl)phenol",Phenol,142731-63-3
393.0,"4-(1-Ethyl-1,3-dimethylpentyl)phenol",Phenol,186825-36-5
394.0,"p-(1,1-dimethylheptyl)phenol",Phenol,30784-30-6
395.0,4-(1-ethyl-1-methylhexyl)phenol,Phenol,52427-13-1
396.0,p-nonylphenol,Phenol,104-40-5
397.0,"Phenol, 4-nonyl-, branched","Phenol, Nonene",84852-15-3
398.0,"Phenol, nonyl-, branched",Phenol,90481-04-2
399.0,"4-(1,1,5-Trimethylhexyl)phenol",Phenol,521947-27-3
400.0,Nonylphenol,"Phenol,Nonene",25154-52-3
401.0,4-(3-ethylheptan-2-yl)phenol,Phenol,186825-39-8
402.0,Isononylphenol,Phenol,11066-49-2
403.0,"4-methyl-m-phenylenediamine (toluene-2,4-diamine)","2,4-dinitrotoluene",95-80-7
404.0,4-aminoazobenzene,Aniline,60-09-3
405.0,"4-(1,1,3,3-tetramethylbutyl)phenol, ethoxylated","4-(1,1,3,3-tetramethylbutyl)phenol",-
406.0,"2-[2-[4-(1,1,3,3-tetramethylbutyl)phenoxy]ethoxy]ethanol","4-(1,1,3,3-tetramethylbutyl)phenol",2315-61-9
407.0,"2-[4-(1,1,3,3-tetramethylbutyl)phenoxy]ethanol","4-(1,1,3,3-tetramethylbutyl)phenol",2315-67-5
408.0,"20-[4-(1,1,3,3-tetramethylbutyl)phenoxy]-3,6,9,12,15,18-hexaoxaicosan-1-ol","4-(1,1,3,3-tetramethylbutyl)phenol",2497-59-8
409.0,"Polyethylene glycol p-(1,1,3,3-tetramethylbutyl)phenyl ether","4-(1,1,3,3-tetramethylbutyl)phenol",9002-93-1
410.0,"Poly(oxy-1,2-ethanediyl), α-[(1,1,3,3-tetramethylbutyl)phenyl]-ω-hydroxy-","4-(1,1,3,3-tetramethylbutyl)phenol",9036-19-5
411.0,"4,4'-oxydianiline and its salts","4,4'-dinitrodiphenyl ether",-
412.0,"4,4'-oxydianiline",4-chloronitrobenzene,101-80-4
413.0,"4,4'-methylenedi-o-toluidine",o-toluidine,838-88-0
414.0,"3-ethyl-2-methyl-2-(3-methylbutyl)-1,3-oxazolidine",2-(ethylamino)butan-1-ol,143860-04-2
415.0,1-bromopropane (n-propyl bromide),1-propanol,106-94-5
416.0,"1,2-diethoxyethane",2-chloroethyl ethyl ether,629-14-1
417.0,"1,2-Benzenedicarboxylic acid, dipentyl ester, branched and linear",Phthalic anhydride,84777-06-0
418.0,"α,α-Bis[4-(dimethylamino)phenyl]-4 (phenylamino)naphthalene-1-methanol (C.I. Solvent Blue 4)",Naphthalic anhydride,6786-83-0
419.0,"N,N,N',N'-tetramethyl-4,4'-methylenedianiline (Michler’s base)","N,N-dimethylaniline",101-61-1
420.0,Lead(II) bis(methanesulfonate),"Lead(II) oxide,Methanesulfonic acid",17570-76-2
421.0,Formamide,Methyl formate,75-12-7
422.0,Diboron trioxide,Boric acid,1303-86-2
423.0,"[4-[[4-anilino-1-naphthyl][4-(dimethylamino)phenyl]methylene]cyclohexa-2,5-dien-1-ylidene] dimethylammonium chloride (C.I. Basic Blue 26)","4,4'-bis(dimethylamino)benzophenone",2580-56-5
424.0,"[4-[4,4'-bis(dimethylamino) benzhydrylidene]cyclohexa-2,5-dien-1-ylidene]dimethylammonium chloride (C.I. Basic Violet 3)",Michler's ketone,548-62-9
425.0,"4,4'-bis(dimethylamino)benzophenone (Michler’s ketone)","N,N-dimethylaniline",90-94-8
426.0,"4,4'-bis(dimethylamino)-4''-(methylamino)trityl alcohol","4,4'-bis(dimethylamino)benzophenone",561-41-1
427.0,"1,3,5-tris[(2S and 2R)-2,3-epoxypropyl]-1,3,5-triazine-2,4,6-(1H,3H,5H)-trione (β-TGIC)",Isocyanuric acid,59653-74-6
428.0,"1,3,5-Tris(oxiran-2-ylmethyl)-1,3,5-triazinane-2,4,6-trione (TGIC)",Isocyanuric acid,2451-62-9
429.0,"1,2-bis(2-methoxyethoxy)ethane (TEGDME; triglyme)",Triethylene glycol,112-49-2
430.0,"1, 2-dimethoxyethane; ethylene glycol dimethyl ether (EGDME)",Ethylene glycol,110-71-4
431.0,Zirconia Aluminosilicate Refractory Ceramic Fibres,"Aluminum oxide,Silicon dioxide,Zirconium dioxide",-
432.0,"Refractories, fibers, aluminosilicate",Kaolin,142844-00-6
433.0,Trilead diarsenate,Lead(II) oxide,3687-31-8
434.0,Potassium hydroxyoctaoxodizincatedichromate,Zinc oxide,11103-86-9
435.0,Phenolphthalein,"Phthalic anhydride, Phenol",77-09-8
436.0,Pentazinc chromate octahydroxide,Zinc oxide,49663-84-5
437.0,"N,N-dimethylacetamide","Dimethylamine, Acetic acid",127-19-5
438.0,Lead styphnate,Styphnic acid,15245-44-0
439.0,Lead dipicrate,Picric acid,6477-64-1
440.0,"Lead diazide, Lead azide",Sodium azide,13424-46-9
441.0,"Formaldehyde, oligomeric reaction products with aniline","Aniline,Formaldehyde",25214-70-4
442.0,Dichromium tris(chromate),Chromium(III) oxide,24613-89-6
443.0,Calcium arsenate,Arsenic acid,7778-44-1
444.0,Bis(2-methoxyethyl) phthalate,Phthalic anhydride,117-82-8
445.0,Bis(2-methoxyethyl) ether,2-Methoxyethanol,111-96-6
446.0,Arsenic acid,Arsenic trioxide,7778-39-4
447.0,Aluminosilicate Refractory Ceramic Fibres,Kaolin,-
448.0,"Refractories, fibers, aluminosilicate",Kaolin,142844-00-6
449.0,"4-(1,1,3,3-tetramethylbutyl)phenol",Phenol,140-66-9
450.0,"2-Methoxyaniline, o-Anisidine",2-Nitroanisole,90-04-0
451.0,"2,2'-dichloro-4,4'-methylenedianiline",2-chloroaniline,101-14-4
452.0,"1,2-dichloroethane",Ethylene,107-06-2
453.0,Strontium chromate,"Strontium carbonate,Sodium chromate",7789-06-2
454.0,Hydrazine,Ammonia,"302-01-2, 7803-57-8"
455.0,2-ethoxyethyl acetate,2-ethoxyethanol,111-15-9
456.0,1-Methyl-2-pyrrolidone (NMP),gamma-Butyrolactone,872-50-4
457.0,"1,2-Benzenedicarboxylic acid, di-C7-11-branched and linear alkyl esters",Phthalic anhydride,68515-42-4
458.0,"1,2-Benzenedicarboxylic acid, di-C6-8-branched alkyl esters, C7-rich",Phthalic anhydride,71888-89-6
459.0,"1,2,3-trichloropropane",Allyl chloride,96-18-4
460.0,Cobalt(II) sulphate,Cobalt(II) oxide,10124-43-3
461.0,Cobalt(II) dinitrate,Cobalt(II) oxide,10141-05-6
462.0,Cobalt(II) diacetate,Cobalt(II) carbonate,71-48-7
463.0,Cobalt(II) carbonate,Cobalt(II) sulfate,513-79-1
464.0,Chromium trioxide,Sodium dichromate,1333-82-0
465.0,Dichromic acid,Potassium dichromate,-
466.0,Chromic acid,Barium chromate,-
467.0,2-methoxyethanol,Ethylene oxide,13530-68-2
468.0,2-ethoxyethanol,Ethylene oxide,7738-94-5
469.0,Trichloroethylene,Tetrachloroethylene,109-86-4
470.0,Tetraboron disodium heptaoxide hydrate,Disodium octaborate tetrahydrate,110-80-5
471.0,Sodium chromate,Chromite ore,79-01-6
472.0,Potassium dichromate,Chromite ore,12267-73-1
473.0,Potassium chromate,Chromium(III) oxide,7775-11-3
474.0,"Disodium tetraborate anhydrous""",Boric acid,7778-50-9
475.0,Boric acid,Borax,7789-00-6
476.0,Boric acid crude natural,Sodium tetraborate decahydrate,"12179-04-3, 1303-96-4, 1330-43-4"
477.0,Boric acid,Borax,-
478.0,Ammonium dichromate,Sodium dichromate,11113-50-1
479.0,Acrylamide,Acrylonitrile,10043-35-3
480.0,Tris(2-chloroethyl) phosphate,Phosphoryl chloride,7789-09-5
481.0,"Pitch, coal tar, high-temp.",Coal tar,79-06-1
482.0,Lead sulfochromate yellow (C.I. Pigment Yellow 34),Lead nitrate,115-96-8
483.0,Lead chromate molybdate sulphate red (C.I. Pigment Red 104),Lead nitrate,65996-93-2
484.0,Lead chromate,Lead(II) nitrate,1344-37-2
485.0,Diisobutyl phthalate,Phthalic anhydride,12656-85-8
486.0,"Anthracene oil, anthracene-low",Coal tar,7758-97-6
487.0,"Anthracene oil, anthracene paste, distn. lights",Anthracene oil,84-69-5
488.0,"Anthracene oil, anthracene paste, anthracene fraction",Anthracene,90640-82-7
489.0,"Anthracene oil, anthracene paste",Coal tar,91995-17-4
490.0,Anthracene oil,Coal tar,91995-15-2
491.0,"2,4-dinitrotoluene",Toluene,90640-81-6
492.0,Triethyl arsenate,Arsenic pentoxide,90640-80-5
493.0,Sodium dichromate,Chromite ore,121-14-2
494.0,Lead hydrogen arsenate,Lead(II) acetate,15606-95-8
495.0,Hexabromocyclododecane (HBCDD),"1,5,9-cyclododecatriene","10588-01-9, 7789-12-0"
496.0,"1,2,5,6,9,10-hexabromocyclododecane","1,5,9-cyclododecatriene",7784-40-9
497.0,Hexabromocyclododecane,"1,5,9-cyclododcatriene",-
498.0,alpha-hexabromocyclododecane,"1,5,9-cyclododecatriene",3194-55-6
499.0,beta-hexabromocyclododecane,"1,5,9-cyclododecatriene",25637-99-4
500.0,gamma-hexabromocyclododecane,"1,5,9-cyclododecatriene",134237-50-6
501.0,Dibutyl phthalate (DBP),Phthalic anhydride,134237-51-7
502.0,Diarsenic trioxide,Arsenic,134237-52-8
503.0,Diarsenic pentaoxide,Arsenic,84-74-2
504.0,Cobalt dichloride,Cobalt,1327-53-3
505.0,Bis(tributyltin) oxide (TBTO),Tributyltin chloride,1303-28-2
506.0,Bis (2-ethylhexyl)phthalate (DEHP),Phthalic anhydride,7646-79-9
507.0,Benzyl butyl phthalate (BBP),Phthalic anhydride,56-35-9
508.0,Anthracene,Anthraquinone,117-81-7
509.0,"Alkanes, C10-13, chloro (Short Chain Chlorinated Paraffins)",Paraffins (C10-13),85-68-7
510.0,"5-tert-butyl-2,4,6-trinitro-m-xylene (Musk xylene)",5-tert-butyl-m-xylene,120-12-7
511.0,"4,4'- Diaminodiphenylmethane (MDA)",Aniline,85535-84-8
